{
    "correlation": 0.8810845613479614,
    "loss": 19.48270606994629
}