{
    "correlation": 0.8810361623764038,
    "loss": 19.498884201049805
}